0,acton
1,adams normandie
2,agoura hills
3,agua dulce
4,alhambra
5,altadena
6,arcadia
7,arleta
8,artesia
9,athens
10,atwater village
11,avocado heights
12,azusa
13,baldwin park
14,bel air
15,bell
16,bell gardens
17,bellflower
18,beverly crest
19,beverly hills
20,beverlywood
21,boyle heights
22,bradbury
23,brentwood
24,burbank
25,calabasas
26,canoga park
27,carson
28,carthay
29,castaic
30,century city
31,cerritos
32,chatsworth
33,cheviot hills
34,chinatown
35,claremont
36,commerce
37,compton
38,covina
39,cudahy
40,culver city
41,del aire
42,del rey
43,desert view highlands
44,diamond bar
45,downey
46,downtown
47,duarte
48,eagle rock
49,east hollywood
50,east la mirada
51,east los angeles
52,east pasadena
53,echo park
54,el monte
55,el segundo
56,el sereno
57,elizabeth lake
58,elysian park
59,elysian valley
60,encino
61,exposition park
62,florence
63,florence firestone
64,gardena
65,glassell park
66,glendale
67,glendora
68,granada hills
69,green meadows
70,hacienda heights
71,hancock park
72,harbor city
73,harbor gateway
74,harvard heights
75,harvard park
76,hawaiian gardens
77,hawthorne
78,hermosa beach
79,hidden hills
80,highland park
81,hollywood
82,hollywood hills
83,huntington park
84,hyde park
85,industry
86,inglewood
87,irwindale
88,jefferson park
89,koreatown
90,la canada flintridge
91,la crescenta montrose
92,la habra heights
93,la mirada
94,la puente
95,la verne
96,ladera heights
97,lake balboa
98,lake hughes
99,lake los angeles
100,lakewood
101,lancaster
102,lawndale
103,leimert park
104,lennox
105,leona valley
106,lincoln heights
107,littlerock
108,lomita
109,long beach
110,los feliz
111,lynwood
112,malibu
113,manchester square
114,manhattan beach
115,mar vista
116,marina del rey
117,maywood
118,mid city
119,mission hills
120,monrovia
121,montebello
122,monterey park
123,north hills
124,north hollywood
125,north whittier
126,northridge
127,norwalk
128,pacific palisades
129,pacoima
130,palmdale
131,palms
132,palos verdes estates
133,panorama city
134,paramount
135,pasadena
136,pico rivera
137,pico union
138,playa del rey
139,playa vista
140,pomona
141,porter ranch
142,quartz hill
143,rancho dominguez
144,rancho palos verdes
145,rancho park
146,redondo beach
147,reseda
148,rolling hills
149,rolling hills estates
150,rosemead
151,rowland heights
152,san dimas
153,san fernando
154,san gabriel
155,san marino
156,san pasqual
157,san pedro
158,santa clarita
159,santa fe springs
160,santa monica
161,shadow hills
162,sherman oaks
163,sierra madre
164,signal hill
165,silver lake
166,south el monte
167,south gate
168,south park
169,south pasadena
170,south san gabriel
171,south whittier
172,stevenson ranch
173,studio city
174,sun valley
175,sun village
176,sunland
177,sylmar
178,tarzana
179,temple city
180,toluca lake
181,torrance
182,tujunga
183,university park
184,val verde
185,valinda
186,valley glen
187,valley village
188,van nuys
189,venice
190,vermont knolls
191,vermont square
192,vermont vista
193,vernon
194,walnut
195,walnut park
196,watts
197,west adams
198,west carson
199,west covina
200,west hills
201,west hollywood
202,west los angeles
203,west puente valley
204,westchester
205,westlake
206,westlake village
207,westwood
208,whittier
209,willowbrook
210,wilmington
211,winnetka
212,woodland hills
